experiment,mode,level,stim_hz,trial,n_spontaneous,seed,MN9_hz,MN9pair_hz,n_recruited_5hz,total_spikes,rep,t_run_ms
feeding,A,0.0,0,0,0,1947825223,0.0,0.0,0,0,0,1000.0
feeding,A,0.0,0,1,0,1947825223,0.0,0.0,0,0,0,1000.0
feeding,A,0.0,0,2,0,1947825223,0.0,0.0,0,0,0,1000.0
feeding,A,0.0,0,3,0,1947825223,0.0,0.0,0,0,0,1000.0
feeding,A,0.0,25,0,0,1188153451,0.0,0.0,13,750,0,1000.0
feeding,A,0.0,25,1,0,1188153451,0.0,0.0,12,751,0,1000.0
feeding,A,0.0,25,2,0,1188153451,0.0,0.0,16,851,0,1000.0
feeding,A,0.0,25,3,0,1188153451,0.0,0.0,13,765,0,1000.0
feeding,A,0.0,50,0,0,768488736,13.0,11.0,70,2509,0,1000.0
feeding,A,0.0,50,1,0,768488736,12.0,11.0,68,2553,0,1000.0
feeding,A,0.0,50,2,0,768488736,4.0,3.0,45,1953,0,1000.0
feeding,A,0.0,50,3,0,768488736,15.0,13.5,77,2722,0,1000.0
feeding,A,0.0,75,0,0,1171974448,58.0,51.0,219,7312,0,1000.0
feeding,A,0.0,75,1,0,1171974448,44.0,37.0,194,5991,0,1000.0
feeding,A,0.0,75,2,0,1171974448,48.0,43.5,201,6505,0,1000.0
feeding,A,0.0,75,3,0,1171974448,51.0,45.5,219,6827,0,1000.0
feeding,A,0.0,100,0,0,3620873605,63.0,54.5,238,9378,0,1000.0
feeding,A,0.0,100,1,0,3620873605,65.0,58.0,236,8984,0,1000.0
feeding,A,0.0,100,2,0,3620873605,66.0,58.5,231,8913,0,1000.0
feeding,A,0.0,100,3,0,3620873605,61.0,50.0,230,8251,0,1000.0
feeding,A,0.0,150,0,0,1399518117,74.0,64.0,282,12700,0,1000.0
feeding,A,0.0,150,1,0,1399518117,87.0,77.0,278,13094,0,1000.0
feeding,A,0.0,150,2,0,1399518117,78.0,68.0,274,12901,0,1000.0
feeding,A,0.0,150,3,0,1399518117,73.0,68.5,288,12560,0,1000.0
feeding,A,0.0,200,0,0,4247329424,94.0,83.0,308,16441,0,1000.0
feeding,A,0.0,200,1,0,4247329424,88.0,73.5,304,16299,0,1000.0
feeding,A,0.0,200,2,0,4247329424,92.0,76.5,292,16051,0,1000.0
feeding,A,0.0,200,3,0,4247329424,92.0,78.5,289,15793,0,1000.0
feeding,A,0.2,0,0,0,236048386,0.0,0.0,0,0,0,1000.0
feeding,A,0.2,0,1,0,236048386,0.0,0.0,0,0,0,1000.0
feeding,A,0.2,0,2,0,236048386,0.0,0.0,0,0,0,1000.0
feeding,A,0.2,0,3,0,236048386,0.0,0.0,0,0,0,1000.0
feeding,A,0.2,25,0,0,1700549334,0.0,0.0,7,589,0,1000.0
feeding,A,0.2,25,1,0,1700549334,0.0,0.0,7,688,0,1000.0
feeding,A,0.2,25,2,0,1700549334,0.0,0.0,6,583,0,1000.0
feeding,A,0.2,25,3,0,1700549334,0.0,0.0,7,653,0,1000.0
feeding,A,0.2,50,0,0,3267195717,0.0,0.0,28,1698,0,1000.0
feeding,A,0.2,50,1,0,3267195717,0.0,0.0,26,1483,0,1000.0
feeding,A,0.2,50,2,0,3267195717,0.0,0.0,27,1562,0,1000.0
feeding,A,0.2,50,3,0,3267195717,0.0,0.0,26,1585,0,1000.0
feeding,A,0.2,75,0,0,4207668028,0.0,0.0,50,2734,0,1000.0
feeding,A,0.2,75,1,0,4207668028,0.0,0.0,44,2739,0,1000.0
feeding,A,0.2,75,2,0,4207668028,1.0,0.5,54,2819,0,1000.0
feeding,A,0.2,75,3,0,4207668028,1.0,0.5,52,2831,0,1000.0
feeding,A,0.2,100,0,0,1042897117,3.0,2.5,70,4084,0,1000.0
feeding,A,0.2,100,1,0,1042897117,2.0,2.0,72,4196,0,1000.0
feeding,A,0.2,100,2,0,1042897117,2.0,2.0,87,4406,0,1000.0
feeding,A,0.2,100,3,0,1042897117,1.0,1.0,74,4113,0,1000.0
feeding,A,0.2,150,0,0,2435312086,28.0,24.0,144,7426,0,1000.0
feeding,A,0.2,150,1,0,2435312086,38.0,30.0,151,7447,0,1000.0
feeding,A,0.2,150,2,0,2435312086,23.0,18.5,132,7107,0,1000.0
feeding,A,0.2,150,3,0,2435312086,18.0,15.5,125,7014,0,1000.0
feeding,A,0.2,200,0,0,3942207359,44.0,35.5,182,9968,0,1000.0
feeding,A,0.2,200,1,0,3942207359,43.0,34.0,182,10058,0,1000.0
feeding,A,0.2,200,2,0,3942207359,47.0,40.0,198,10219,0,1000.0
feeding,A,0.2,200,3,0,3942207359,47.0,34.5,187,9683,0,1000.0
feeding,A,0.4,0,0,0,2967811101,0.0,0.0,0,0,0,1000.0
feeding,A,0.4,0,1,0,2967811101,0.0,0.0,0,0,0,1000.0
feeding,A,0.4,0,2,0,2967811101,0.0,0.0,0,0,0,1000.0
feeding,A,0.4,0,3,0,2967811101,0.0,0.0,0,0,0,1000.0
feeding,A,0.4,25,0,0,4227723065,0.0,0.0,3,531,0,1000.0
feeding,A,0.4,25,1,0,4227723065,0.0,0.0,3,555,0,1000.0
feeding,A,0.4,25,2,0,4227723065,0.0,0.0,3,552,0,1000.0
feeding,A,0.4,25,3,0,4227723065,0.0,0.0,3,554,0,1000.0
feeding,A,0.4,50,0,0,471301894,0.0,0.0,10,1285,0,1000.0
feeding,A,0.4,50,1,0,471301894,0.0,0.0,9,1220,0,1000.0
feeding,A,0.4,50,2,0,471301894,0.0,0.0,10,1284,0,1000.0
feeding,A,0.4,50,3,0,471301894,0.0,0.0,9,1230,0,1000.0
feeding,A,0.4,75,0,0,2403501369,0.0,0.0,23,2115,0,1000.0
feeding,A,0.4,75,1,0,2403501369,0.0,0.0,20,2048,0,1000.0
feeding,A,0.4,75,2,0,2403501369,0.0,0.0,21,2089,0,1000.0
feeding,A,0.4,75,3,0,2403501369,0.0,0.0,21,2005,0,1000.0
feeding,A,0.4,100,0,0,2517239152,0.0,0.0,28,2872,0,1000.0
feeding,A,0.4,100,1,0,2517239152,0.0,0.0,29,2887,0,1000.0
feeding,A,0.4,100,2,0,2517239152,0.0,0.0,32,3024,0,1000.0
feeding,A,0.4,100,3,0,2517239152,0.0,0.0,29,2918,0,1000.0
feeding,A,0.4,150,0,0,2660481762,0.0,0.0,63,5019,0,1000.0
feeding,A,0.4,150,1,0,2660481762,0.0,0.0,59,4860,0,1000.0
feeding,A,0.4,150,2,0,2660481762,0.0,0.0,62,5043,0,1000.0
feeding,A,0.4,150,3,0,2660481762,0.0,0.0,62,4965,0,1000.0
feeding,A,0.4,200,0,0,544029359,0.0,0.0,74,6907,0,1000.0
feeding,A,0.4,200,1,0,544029359,0.0,0.0,69,6709,0,1000.0
feeding,A,0.4,200,2,0,544029359,0.0,0.0,74,6693,0,1000.0
feeding,A,0.4,200,3,0,544029359,0.0,0.0,69,6969,0,1000.0
feeding,A,0.05,0,0,0,2757923264,0.0,0.0,0,0,0,1000.0
feeding,A,0.05,0,1,0,2757923264,0.0,0.0,0,0,0,1000.0
feeding,A,0.05,0,2,0,2757923264,0.0,0.0,0,0,0,1000.0
feeding,A,0.05,0,3,0,2757923264,0.0,0.0,0,0,0,1000.0
feeding,A,0.05,25,0,0,248470065,0.0,0.0,10,722,0,1000.0
feeding,A,0.05,25,1,0,248470065,0.0,0.0,11,693,0,1000.0
feeding,A,0.05,25,2,0,248470065,0.0,0.0,9,643,0,1000.0
feeding,A,0.05,25,3,0,248470065,0.0,0.0,12,717,0,1000.0
feeding,A,0.05,50,0,0,3757822772,2.0,2.0,41,1990,0,1000.0
feeding,A,0.05,50,1,0,3757822772,0.0,0.0,35,1690,0,1000.0
feeding,A,0.05,50,2,0,3757822772,2.0,2.5,49,2056,0,1000.0
feeding,A,0.05,50,3,0,3757822772,3.0,3.0,43,2105,0,1000.0
feeding,A,0.05,75,0,0,1851296858,29.0,26.0,160,5077,0,1000.0
feeding,A,0.05,75,1,0,1851296858,31.0,29.0,157,5100,0,1000.0
feeding,A,0.05,75,2,0,1851296858,33.0,30.0,173,5569,0,1000.0
feeding,A,0.05,75,3,0,1851296858,34.0,31.0,183,5531,0,1000.0
feeding,A,0.05,100,0,0,3774487235,64.0,55.5,221,8379,0,1000.0
feeding,A,0.05,100,1,0,3774487235,56.0,45.5,212,7812,0,1000.0
feeding,A,0.05,100,2,0,3774487235,43.0,39.5,220,7412,0,1000.0
feeding,A,0.05,100,3,0,3774487235,61.0,51.0,220,7991,0,1000.0
feeding,A,0.05,150,0,0,2576941456,67.0,58.5,248,11184,0,1000.0
feeding,A,0.05,150,1,0,2576941456,70.0,61.5,246,11380,0,1000.0
feeding,A,0.05,150,2,0,2576941456,71.0,60.5,240,11173,0,1000.0
feeding,A,0.05,150,3,0,2576941456,73.0,61.5,242,11388,0,1000.0
feeding,A,0.05,200,0,0,1130666294,84.0,71.5,284,14967,0,1000.0
feeding,A,0.05,200,1,0,1130666294,89.0,76.5,280,14807,0,1000.0
feeding,A,0.05,200,2,0,1130666294,80.0,66.0,272,14421,0,1000.0
feeding,A,0.05,200,3,0,1130666294,80.0,69.0,274,14452,0,1000.0
feeding,A,0.1,0,0,0,657163483,0.0,0.0,0,0,0,1000.0
feeding,A,0.1,0,1,0,657163483,0.0,0.0,0,0,0,1000.0
feeding,A,0.1,0,2,0,657163483,0.0,0.0,0,0,0,1000.0
feeding,A,0.1,0,3,0,657163483,0.0,0.0,0,0,0,1000.0
feeding,A,0.1,25,0,0,2098314007,0.0,0.0,7,600,0,1000.0
feeding,A,0.1,25,1,0,2098314007,0.0,0.0,7,567,0,1000.0
feeding,A,0.1,25,2,0,2098314007,0.0,0.0,8,642,0,1000.0
feeding,A,0.1,25,3,0,2098314007,0.0,0.0,8,667,0,1000.0
feeding,A,0.1,50,0,0,1789188423,2.0,1.5,36,1682,0,1000.0
feeding,A,0.1,50,1,0,1789188423,0.0,0.0,42,1921,0,1000.0
feeding,A,0.1,50,2,0,1789188423,1.0,0.5,43,1952,0,1000.0
feeding,A,0.1,50,3,0,1789188423,0.0,0.0,38,1869,0,1000.0
feeding,A,0.1,75,0,0,944038502,13.0,14.0,97,3872,0,1000.0
feeding,A,0.1,75,1,0,944038502,7.0,6.0,73,3486,0,1000.0
feeding,A,0.1,75,2,0,944038502,16.0,14.0,102,4139,0,1000.0
feeding,A,0.1,75,3,0,944038502,9.0,8.0,81,3536,0,1000.0
feeding,A,0.1,100,0,0,3151865824,36.0,32.0,177,6284,0,1000.0
feeding,A,0.1,100,1,0,3151865824,36.0,31.0,179,6673,0,1000.0
feeding,A,0.1,100,2,0,3151865824,35.0,30.0,166,6099,0,1000.0
feeding,A,0.1,100,3,0,3151865824,40.0,37.0,193,6817,0,1000.0
feeding,A,0.1,150,0,0,2819222978,63.0,55.0,232,10309,0,1000.0
feeding,A,0.1,150,1,0,2819222978,60.0,52.0,214,9593,0,1000.0
feeding,A,0.1,150,2,0,2819222978,69.0,55.5,227,10233,0,1000.0
feeding,A,0.1,150,3,0,2819222978,57.0,48.5,226,9974,0,1000.0
feeding,A,0.1,200,0,0,4245372179,78.0,64.0,245,13083,0,1000.0
feeding,A,0.1,200,1,0,4245372179,71.0,60.0,251,13232,0,1000.0
feeding,A,0.1,200,2,0,4245372179,75.0,63.5,253,13131,0,1000.0
feeding,A,0.1,200,3,0,4245372179,79.0,66.0,245,12541,0,1000.0
feeding,A,0.15,0,0,0,507876488,0.0,0.0,0,0,0,1000.0
feeding,A,0.15,0,1,0,507876488,0.0,0.0,0,0,0,1000.0
feeding,A,0.15,0,2,0,507876488,0.0,0.0,0,0,0,1000.0
feeding,A,0.15,0,3,0,507876488,0.0,0.0,0,0,0,1000.0
feeding,A,0.15,25,0,0,3541367070,0.0,0.0,7,664,0,1000.0
feeding,A,0.15,25,1,0,3541367070,0.0,0.0,8,658,0,1000.0
feeding,A,0.15,25,2,0,3541367070,0.0,0.0,7,669,0,1000.0
feeding,A,0.15,25,3,0,3541367070,0.0,0.0,8,626,0,1000.0
feeding,A,0.15,50,0,0,2393279038,1.0,0.5,33,1735,0,1000.0
feeding,A,0.15,50,1,0,2393279038,0.0,0.0,32,1759,0,1000.0
feeding,A,0.15,50,2,0,2393279038,0.0,0.0,33,1687,0,1000.0
feeding,A,0.15,50,3,0,2393279038,0.0,0.0,32,1685,0,1000.0
feeding,A,0.15,75,0,0,2908944627,4.0,3.5,59,3154,0,1000.0
feeding,A,0.15,75,1,0,2908944627,1.0,1.5,52,2903,0,1000.0
feeding,A,0.15,75,2,0,2908944627,5.0,4.0,63,3151,0,1000.0
feeding,A,0.15,75,3,0,2908944627,3.0,2.5,60,3105,0,1000.0
feeding,A,0.15,100,0,0,282765285,14.0,15.0,111,5101,0,1000.0
feeding,A,0.15,100,1,0,282765285,16.0,14.5,107,5003,0,1000.0
feeding,A,0.15,100,2,0,282765285,15.0,14.0,107,5018,0,1000.0
feeding,A,0.15,100,3,0,282765285,21.0,18.5,118,5288,0,1000.0
feeding,A,0.15,150,0,0,2353852637,48.0,39.5,206,9014,0,1000.0
feeding,A,0.15,150,1,0,2353852637,50.0,43.0,194,8869,0,1000.0
feeding,A,0.15,150,2,0,2353852637,41.0,37.5,193,8672,0,1000.0
feeding,A,0.15,150,3,0,2353852637,40.0,34.0,191,8487,0,1000.0
feeding,A,0.15,200,0,0,146508950,64.0,53.5,213,10897,0,1000.0
feeding,A,0.15,200,1,0,146508950,61.0,49.5,222,11641,0,1000.0
feeding,A,0.15,200,2,0,146508950,67.0,53.5,221,11742,0,1000.0
feeding,A,0.15,200,3,0,146508950,63.0,49.5,217,11149,0,1000.0
feeding,A,0.3,0,0,0,4181928857,0.0,0.0,0,0,0,1000.0
feeding,A,0.3,0,1,0,4181928857,0.0,0.0,0,0,0,1000.0
feeding,A,0.3,0,2,0,4181928857,0.0,0.0,0,0,0,1000.0
feeding,A,0.3,0,3,0,4181928857,0.0,0.0,0,0,0,1000.0
feeding,A,0.3,25,0,0,1158821834,0.0,0.0,4,554,0,1000.0
feeding,A,0.3,25,1,0,1158821834,0.0,0.0,6,620,0,1000.0
feeding,A,0.3,25,2,0,1158821834,0.0,0.0,3,559,0,1000.0
feeding,A,0.3,25,3,0,1158821834,0.0,0.0,3,598,0,1000.0
feeding,A,0.3,50,0,0,1106527273,0.0,0.0,15,1357,0,1000.0
feeding,A,0.3,50,1,0,1106527273,0.0,0.0,16,1432,0,1000.0
feeding,A,0.3,50,2,0,1106527273,0.0,0.0,18,1430,0,1000.0
feeding,A,0.3,50,3,0,1106527273,0.0,0.0,14,1309,0,1000.0
feeding,A,0.3,75,0,0,1966517927,0.0,0.0,31,2371,0,1000.0
feeding,A,0.3,75,1,0,1966517927,0.0,0.0,26,2186,0,1000.0
feeding,A,0.3,75,2,0,1966517927,0.0,0.0,28,2268,0,1000.0
feeding,A,0.3,75,3,0,1966517927,0.0,0.0,26,2200,0,1000.0
feeding,A,0.3,100,0,0,807572671,0.0,0.0,56,3496,0,1000.0
feeding,A,0.3,100,1,0,807572671,1.0,0.5,57,3398,0,1000.0
feeding,A,0.3,100,2,0,807572671,0.0,0.0,54,3500,0,1000.0
feeding,A,0.3,100,3,0,807572671,0.0,0.0,58,3578,0,1000.0
feeding,A,0.3,150,0,0,160691763,1.0,1.0,81,5656,0,1000.0
feeding,A,0.3,150,1,0,160691763,1.0,0.5,81,5819,0,1000.0
feeding,A,0.3,150,2,0,160691763,0.0,0.0,74,5446,0,1000.0
feeding,A,0.3,150,3,0,160691763,1.0,1.0,81,5742,0,1000.0
feeding,A,0.3,200,0,0,891922232,0.0,0.0,95,7669,0,1000.0
feeding,A,0.3,200,1,0,891922232,2.0,2.0,93,7587,0,1000.0
feeding,A,0.3,200,2,0,891922232,3.0,2.0,97,7729,0,1000.0
feeding,A,0.3,200,3,0,891922232,0.0,0.0,92,7397,0,1000.0
feeding,B,0.5,50.0,0,68,1650728125,8.0,8.0,8178,237901,0,500.0
feeding,B,0.5,50.0,1,68,1650728125,8.0,8.0,8193,237724,0,500.0
feeding,B,0.5,100.0,0,68,2739923758,36.0,30.0,8355,240670,0,500.0
feeding,B,0.5,100.0,1,68,2739923758,34.0,31.0,8269,239627,0,500.0
feeding,B,0.5,200.0,0,68,1362756410,94.0,73.0,8382,244454,0,500.0
feeding,B,0.5,200.0,1,68,1362756410,78.0,61.0,8386,243931,0,500.0
feeding,B,1.0,0.0,0,229,2228276754,0.0,0.0,8431,249468,0,500.0
feeding,B,1.0,0.0,1,229,2228276754,0.0,0.0,8431,249468,0,500.0
feeding,B,1.0,100.0,0,229,1148887232,12.0,9.0,8465,251568,0,500.0
feeding,B,1.0,100.0,1,229,1148887232,16.0,11.0,8521,252346,0,500.0
feeding,B,1.0,200.0,0,229,1309298033,86.0,70.0,8625,256694,0,500.0
feeding,B,1.0,200.0,1,229,1309298033,86.0,80.0,8681,256723,0,500.0
