flywire_id,cell_type,base_rate_hz,MN9_hz,drop_pct
baseline,,,62.833333333333336,0.0
720575940629888530,CB0192,95.0,55.666666666666664,11.4
720575940618165019,CB0700,87.8,61.333333333333336,2.4
720575940626191306,CB0445,77.8,58.666666666666664,6.6
720575940638103349,CB0499,71.2,63.333333333333336,-0.8
720575940614763666,CB0366,62.7,63.0,-0.3
720575940620874757,CB0616,62.3,53.0,15.6
720575940623352063,CB0911,60.0,58.333333333333336,7.2
720575940625045180,CB0910,59.8,64.66666666666667,-2.9
720575940628598121,CB4055,58.5,65.66666666666667,-4.5
720575940615671106,DNge059,57.8,50.666666666666664,19.4
720575940632047890,CB0393,57.5,49.666666666666664,21.0
720575940619877396,DNge059,56.5,60.333333333333336,4.0
720575940632118156,CB4055,56.0,67.66666666666667,-7.7
720575940626835146,CB0277,53.3,53.0,15.6
