experiment,mode,level,stim_hz,trial,n_spontaneous,seed,aDN1_hz,aBN1_hz,n_recruited_5hz,total_spikes,rep,t_run_ms
grooming,A,0.0,100.0,0,0,1754211471,0.0,25.0,105,9427,0,1000.0
grooming,A,0.0,100.0,1,0,1754211471,0.0,23.0,99,9175,0,1000.0
grooming,A,0.0,100.0,2,0,1754211471,1.0,28.0,102,9369,0,1000.0
grooming,A,0.0,200.0,0,0,125799892,27.0,66.0,201,20091,0,1000.0
grooming,A,0.0,200.0,1,0,125799892,25.0,67.0,217,20526,0,1000.0
grooming,A,0.0,200.0,2,0,125799892,28.0,69.0,203,20537,0,1000.0
grooming,A,0.1,100.0,0,0,4145280014,0.0,14.0,86,9063,0,1000.0
grooming,A,0.1,100.0,1,0,4145280014,0.0,14.0,79,8740,0,1000.0
grooming,A,0.1,100.0,2,0,4145280014,0.0,17.0,81,8883,0,1000.0
grooming,A,0.1,200.0,0,0,2919704813,14.0,58.0,165,18848,0,1000.0
grooming,A,0.1,200.0,1,0,2919704813,16.0,61.0,178,19348,0,1000.0
grooming,A,0.1,200.0,2,0,2919704813,13.0,58.0,163,18719,0,1000.0
grooming,A,0.2,100.0,0,0,4115340377,0.0,15.0,72,8602,0,1000.0
grooming,A,0.2,100.0,1,0,4115340377,0.0,11.0,72,8495,0,1000.0
grooming,A,0.2,100.0,2,0,4115340377,0.0,10.0,74,8656,0,1000.0
grooming,A,0.2,200.0,0,0,189587876,1.0,51.0,133,17856,0,1000.0
grooming,A,0.2,200.0,1,0,189587876,1.0,48.0,134,17624,0,1000.0
grooming,A,0.2,200.0,2,0,189587876,1.0,50.0,136,17866,0,1000.0
grooming,B,1.0,200.0,0,229,3406744416,0.0,66.0,8611,258991,0,500.0
grooming,B,1.0,200.0,1,229,3406744416,0.0,68.0,8670,260957,0,500.0
