experiment,mode,level,stim_hz,trial,n_spontaneous,seed,MN9_hz,MN9pair_hz,n_recruited_5hz,total_spikes,rep,t_run_ms
water,A,0.0,100.0,0,0,1217961336,0.0,0.0,50,3339,0,1000.0
water,A,0.0,100.0,1,0,1217961336,0.0,0.0,49,3344,0,1000.0
water,A,0.0,100.0,2,0,1217961336,0.0,0.0,50,3419,0,1000.0
water,A,0.0,100.0,3,0,1217961336,0.0,0.0,50,3308,0,1000.0
water,A,0.0,200.0,0,0,699248309,31.0,21.5,121,7301,0,1000.0
water,A,0.0,200.0,1,0,699248309,26.0,17.5,118,7373,0,1000.0
water,A,0.0,200.0,2,0,699248309,38.0,30.5,160,7838,0,1000.0
water,A,0.0,200.0,3,0,699248309,25.0,15.5,114,7351,0,1000.0
water,A,0.15,100.0,0,0,3783576860,0.0,0.0,25,2635,0,1000.0
water,A,0.15,100.0,1,0,3783576860,0.0,0.0,26,2805,0,1000.0
water,A,0.15,100.0,2,0,3783576860,0.0,0.0,25,2723,0,1000.0
water,A,0.15,100.0,3,0,3783576860,0.0,0.0,28,2810,0,1000.0
water,A,0.15,200.0,0,0,639674563,0.0,0.0,59,5684,0,1000.0
water,A,0.15,200.0,1,0,639674563,0.0,0.0,59,5903,0,1000.0
water,A,0.15,200.0,2,0,639674563,1.0,0.5,64,6095,0,1000.0
water,A,0.15,200.0,3,0,639674563,0.0,0.0,60,5746,0,1000.0
water,B,1.0,200.0,0,229,1491852859,2.0,2.0,8555,253612,0,500.0
water,B,1.0,200.0,1,229,1491852859,0.0,0.0,8527,253692,0,500.0
